gen, best, avg, stdev
0, -0.1601042765255367, -0.5449150150983522, 0.28682302293689516
1, -0.1601042765255367, -0.4717733103977068, 0.28243301045626135
2, -0.1601042765255367, -0.4296091541564393, 0.2776944348485035
3, -0.1601042765255367, -0.39364250136861173, 0.2648852811434136
4, -0.15271466435424066, -0.36883517898155155, 0.2598231713535864
5, -0.15271466435424066, -0.3647678987007243, 0.25780864801013326
6, -0.15271466435424066, -0.35538583730145773, 0.2533535829476676
7, -0.15271466435424066, -0.3422263355651204, 0.24796629626301617
8, -0.15271466435424066, -0.3282668270828339, 0.2401439206918266
9, -0.15271466435424066, -0.3153582986082952, 0.22765120331395847
10, -0.15271466435424066, -0.3158183960424128, 0.22911366018796087
11, -0.15271466435424066, -0.3187784948440914, 0.23289962308167472
12, -0.15271466435424066, -0.311844902285554, 0.22846463220729
13, -0.15271466435424066, -0.30839922979033757, 0.22663432993360205
14, -0.15271466435424066, -0.29613814742935357, 0.21389054027878837
15, -0.15271466435424066, -0.2981514952753323, 0.21941338924123524
16, -0.15271466435424066, -0.29660222308089634, 0.21813861154874797
17, -0.15271466435424066, -0.2866607763896897, 0.20652194000498592
18, -0.15271466435424066, -0.283927925762427, 0.20545704408845483
19, -0.15271466435424066, -0.2874941908872909, 0.2075825347089488
20, -0.15271466435424066, -0.28789558062696763, 0.21003654858913537
21, -0.15271466435424066, -0.28746790554761076, 0.21122292364941
22, -0.15271466435424066, -0.2839538743237405, 0.2057470316217081
23, -0.15271466435424066, -0.28161180288564286, 0.20440567644111082
24, -0.15271466435424066, -0.2678229075228775, 0.18584259365339273
25, -0.15271466435424066, -0.2865003640635083, 0.2099802601016536
26, -0.15271466435424066, -0.2716542036374907, 0.19066543278795742
27, -0.15271466435424066, -0.27214303050600874, 0.19357962719754224
28, -0.15271466435424066, -0.2707318167409933, 0.19163567433411052
29, -0.15271466435424066, -0.2700173012099956, 0.1914936182699774
30, -0.15271466435424066, -0.2704980147034784, 0.1908977445456791
31, -0.15271466435424066, -0.2701290488229463, 0.19210623157808512
32, -0.15271466435424066, -0.273324674954042, 0.19514698333153452
33, -0.15271466435424066, -0.26690162169251613, 0.18858176474533334
34, -0.15271466435424066, -0.2676949675882214, 0.18895101530194855
35, -0.15271466435424066, -0.2659477169228373, 0.1844570803664408
36, -0.15271466435424066, -0.2658062297097872, 0.18574315433357824
37, -0.15271466435424066, -0.27317705324954056, 0.1962427782313042
38, -0.15271466435424066, -0.26949381005899903, 0.19103835826042662
39, -0.15271466435424066, -0.2569305689268294, 0.1740168878145278
40, -0.15271466435424066, -0.2590352241802293, 0.1786059779811675
41, -0.15271466435424066, -0.2650249531683333, 0.18432427655524172
42, -0.15271466435424066, -0.2586876121053737, 0.17531784168734924
43, -0.15271466435424066, -0.2592845616077976, 0.17739183706864645
44, -0.15271466435424066, -0.25386405970508175, 0.16776952154139127
45, -0.15271466435424066, -0.26558908406628307, 0.188475566713656
46, -0.15271466435424066, -0.261955064229498, 0.18175467600575596
47, -0.15271466435424066, -0.26362293846472534, 0.18590805354960088
48, -0.15271466435424066, -0.2559158309523182, 0.174316496021306
49, -0.15271466435424066, -0.2605805112978949, 0.17739891137038016
50, -0.15271466435424066, -0.2695077775371397, 0.1926347269074952
51, -0.15271466435424066, -0.26022918561190334, 0.17958770319860512
52, -0.15271466435424066, -0.25442637308735905, 0.1701066165233898
53, -0.15271466435424066, -0.2597126040919146, 0.1781201211250327
54, -0.15271466435424066, -0.25510030943051004, 0.17005792061445651
55, -0.15271466435424066, -0.25574553172879866, 0.17322010676738595
56, -0.15271466435424066, -0.2579343353382675, 0.17430909992298904
57, -0.15271466435424066, -0.25070114217365225, 0.16402184671723438
58, -0.15271466435424066, -0.25608709204125246, 0.173306941370325
59, -0.15271466435424066, -0.2627028317700383, 0.1841643189422078
60, -0.15271466435424066, -0.25829811850068624, 0.1765458578294528
61, -0.15271466435424066, -0.2493541387684685, 0.1643283785883042
62, -0.15271466435424066, -0.2556087657670324, 0.17504699326844259
63, -0.15271466435424066, -0.25124176101753437, 0.16549083491502886
64, -0.15271466435424066, -0.2545239261231593, 0.1717975891524935
65, -0.15271466435424066, -0.25681439064835615, 0.17548797717754336
66, -0.15271466435424066, -0.2545331318068336, 0.1730593582737554
67, -0.15271466435424066, -0.2520628756605113, 0.16748348447979486
68, -0.15271466435424066, -0.2599627847362542, 0.18071494952502357
69, -0.15271466435424066, -0.251227259774286, 0.16878066550139512
70, -0.15271466435424066, -0.24419462571842881, 0.1549136044954425
71, -0.15271466435424066, -0.24969537456865104, 0.16507167342693493
72, -0.15271466435424066, -0.24984165592517302, 0.1629074547515374
73, -0.15271466435424066, -0.24868456404353767, 0.16385968025623843
74, -0.15271466435424066, -0.25649537058733746, 0.1736297813529383
75, -0.15271466435424066, -0.250406726567776, 0.16448040847485035
76, -0.15271466435424066, -0.2539840698533149, 0.1729595543812065
77, -0.15271466435424066, -0.25914108032478644, 0.1788519525112058
78, -0.15271466435424066, -0.26795661226847944, 0.1903045756814494
79, -0.15271466435424066, -0.2677166508833033, 0.1892990222032516
80, -0.15271466435424066, -0.2643813347430607, 0.1842574324691763
81, -0.15271466435424066, -0.27162035921244176, 0.19479809158459452
82, -0.15271466435424066, -0.278351443224403, 0.20218170941611152
83, -0.15271466435424066, -0.2786225113517817, 0.2036486352703035
84, -0.15271466435424066, -0.28329381640119766, 0.2093124361298311
85, -0.15271466435424066, -0.28693304723964475, 0.21150692265381824
86, -0.15271466435424066, -0.28927519099714977, 0.21414528861767992
87, -0.15271466435424066, -0.28669474690876545, 0.20834483324446243
88, -0.15271466435424066, -0.28655257144236435, 0.21234031252520566
89, -0.15271466435424066, -0.28207723949949176, 0.20346425298806725
90, -0.15271466435424066, -0.27727470073285637, 0.20246563583362528
91, -0.15271466435424066, -0.29615366036412843, 0.222698599130947
92, -0.15271466435424066, -0.28248848023309747, 0.20758423800302075
93, -0.15271466435424066, -0.28549181505241644, 0.21188860778442958
94, -0.15271466435424066, -0.2887628997671161, 0.21245676255093404
95, -0.15271466435424066, -0.2879107690103787, 0.21224791295503379
96, -0.15271466435424066, -0.2892291758943888, 0.21598360183719342
97, -0.15271466435424066, -0.2757279964511252, 0.19788507224398127
98, -0.15271466435424066, -0.2841957024768655, 0.2076975890109073
99, -0.15271466435424066, -0.2910227699517209, 0.21428662339168134
100, -0.15271466435424066, -0.2908610400542744, 0.2157371919679059
101, -0.15271466435424066, -0.2896178189674456, 0.21614321984251408
102, -0.15271466435424066, -0.2914740622753411, 0.21483491067699698
103, -0.15271466435424066, -0.28786367782807015, 0.2135484126374651
104, -0.15271466435424066, -0.2878891260784788, 0.2100730452870391
105, -0.15271466435424066, -0.2859156684416096, 0.2105247480116537
106, -0.15271466435424066, -0.2915964597705758, 0.21606200441531517
107, -0.15271466435424066, -0.29197239157787647, 0.21678298982671812
108, -0.15271466435424066, -0.2872770978470625, 0.21094948136806171
109, -0.15271466435424066, -0.2919059936806127, 0.21532150447159068
110, -0.15271466435424066, -0.2886680554231371, 0.21409326185746747
111, -0.15271466435424066, -0.29265516327007995, 0.217726817167838
112, -0.15271466435424066, -0.29105245475228475, 0.21546263462444273
113, -0.15271466435424066, -0.2892378867984241, 0.21435128388322247
114, -0.15271466435424066, -0.291895780528362, 0.21678281583181663
115, -0.15271466435424066, -0.291171818892107, 0.21760956809935686
116, -0.15271466435424066, -0.3047534811895627, 0.23033047208843288
117, -0.15271466435424066, -0.28841750976607783, 0.21280330302867123
118, -0.15271466435424066, -0.2866863466275007, 0.21077311951148242
119, -0.15271466435424066, -0.2921266470182196, 0.21615579311167563
120, -0.15271466435424066, -0.2941147694977521, 0.21860397108428722
121, -0.15271466435424066, -0.29810713163253455, 0.2237771061254114
122, -0.15271466435424066, -0.28600706382451874, 0.21073679897743572
123, -0.15271466435424066, -0.2908992944354559, 0.21835816310208078
124, -0.15271466435424066, -0.28412349458191694, 0.20821037365842104
125, -0.15271466435424066, -0.28610363015500767, 0.21116824778729115
126, -0.15271466435424066, -0.2890186481535857, 0.21402042382419595
127, -0.15271466435424066, -0.2858757194102646, 0.20936212064821919
128, -0.15271466435424066, -0.2802874706576431, 0.20501199197030573
129, -0.15271466435424066, -0.29716614117249385, 0.22647552393197537
130, -0.15271466435424066, -0.2938440745706251, 0.22163436414943313
131, -0.15271466435424066, -0.2910983748191278, 0.21496083069484492
132, -0.15271466435424066, -0.29985668197521287, 0.2274096292981797
133, -0.15271466435424066, -0.29209519772685993, 0.21797243170966527
134, -0.15271466435424066, -0.2842387344960759, 0.20951813228751526
135, -0.15271466435424066, -0.2834002550859883, 0.20896472167049218
136, -0.15271466435424066, -0.29057081359401177, 0.2160703077312219
137, -0.15271466435424066, -0.2861572536888534, 0.21212704138132538
138, -0.15271466435424066, -0.2893943916515279, 0.21528530329062348
139, -0.15271466435424066, -0.2816170614640047, 0.20830991509202335
140, -0.15271466435424066, -0.28695537397530724, 0.21294991438448369
141, -0.15271466435424066, -0.28468218738630174, 0.20983779355322446
142, -0.15271466435424066, -0.2909916825575944, 0.21708488956251037
143, -0.15271466435424066, -0.28425055971327745, 0.21053138542050434
144, -0.15271466435424066, -0.29313621524131755, 0.21910323361904102
145, -0.15271466435424066, -0.29122185547013457, 0.21620862790739012
146, -0.15271466435424066, -0.28693196731960446, 0.21355955423002332
147, -0.15271466435424066, -0.2916488471626151, 0.2174894588045366
148, -0.15271466435424066, -0.3045610529489203, 0.23257828369315614
149, -0.15271466435424066, -0.2877995405507571, 0.21583488643079088
150, -0.15271466435424066, -0.27981087604056626, 0.20233651444167197
151, -0.15271466435424066, -0.3016499561642525, 0.22611238427701824
152, -0.15271466435424066, -0.29872518186082897, 0.22435855066734242
153, -0.15271466435424066, -0.2968459734973535, 0.2263246098942791
154, -0.15271466435424066, -0.29629801648667425, 0.22243415857240814
155, -0.15271466435424066, -0.28880419166276655, 0.2141562654357868
156, -0.15271466435424066, -0.28195665184721574, 0.2079786206629248
157, -0.15271466435424066, -0.28928996376657556, 0.21377513497890654
158, -0.15271466435424066, -0.2882086528491705, 0.21339581655281406
159, -0.15271466435424066, -0.30257346392334666, 0.22802469194797095
160, -0.15271466435424066, -0.29658161150080964, 0.22330904307688784
161, -0.15271466435424066, -0.2832352418633608, 0.20872860314061464
162, -0.15271466435424066, -0.2919256169042964, 0.21937089986656474
163, -0.15271466435424066, -0.29314713180382923, 0.2180593819783566
164, -0.15271466435424066, -0.2836190126506672, 0.20890161255382692
165, -0.15271466435424066, -0.2886504523111648, 0.21430434447577335
166, -0.15271466435424066, -0.2871441928022205, 0.2136094714717679
167, -0.15271466435424066, -0.28893844272352537, 0.2153298875909553
168, -0.15271466435424066, -0.29268717460308075, 0.21952072526479938
169, -0.15271466435424066, -0.2897780374698519, 0.21756937997677994
170, -0.15271466435424066, -0.2968911909345298, 0.22392635635583524
171, -0.15271466435424066, -0.28895484069717503, 0.21634229709197014
172, -0.15271466435424066, -0.2960378967355439, 0.2246864836581267
173, -0.15271466435424066, -0.30875514542492577, 0.23502870575630336
174, -0.15271466435424066, -0.29810034604126395, 0.22331557247117526
175, -0.15271466435424066, -0.30710103756559265, 0.23359629583029964
176, -0.15271466435424066, -0.30031807205856353, 0.2277523988674499
177, -0.15271466435424066, -0.3035229129123158, 0.23006236715598496
178, -0.15271466435424066, -0.29029114075410606, 0.2161467426970103
179, -0.15271466435424066, -0.2934082703768481, 0.2190182569578722
180, -0.15271466435424066, -0.2990405142516044, 0.224958292826318
181, -0.15271466435424066, -0.2819962601244708, 0.2078985028574721
182, -0.15271466435424066, -0.2951832006222898, 0.22270423516778037
183, -0.15271466435424066, -0.29197332529986814, 0.21736367324051578
184, -0.15271466435424066, -0.29574690962397604, 0.2232739594404392
185, -0.15271466435424066, -0.2945693007148981, 0.22258338118382884
186, -0.15271466435424066, -0.2985881786091543, 0.22465369038220254
187, -0.15271466435424066, -0.2975966062170709, 0.22348869842071367
188, -0.15271466435424066, -0.2942562526261099, 0.22122298936357504
189, -0.15271466435424066, -0.2913239122769009, 0.21719901473693054
190, -0.15271466435424066, -0.28833558089995187, 0.21276553893818814
191, -0.15271466435424066, -0.30570785499087755, 0.23329132127822358
192, -0.15271466435424066, -0.29412088011502846, 0.2216569289928866
193, -0.15271466435424066, -0.2924264059746591, 0.2182781716371895
194, -0.15271466435424066, -0.29885641571584753, 0.2246322102374419
195, -0.15271466435424066, -0.30032498405033337, 0.2255518296981796
196, -0.15271466435424066, -0.2901656371541561, 0.21547308692508277
197, -0.15271466435424066, -0.2985681637661969, 0.2238031242363365
198, -0.15271466435424066, -0.3003981429842386, 0.2269360137758172
199, -0.15271466435424066, -0.2938064187796679, 0.22085613928213685
200, -0.15271466435424066, -0.29294505089147754, 0.21787446358252774
201, -0.15271466435424066, -0.2935565947206685, 0.22001461817600446
202, -0.15271466435424066, -0.29427762697250764, 0.21746810761405178
203, -0.15271466435424066, -0.2969133026296957, 0.22191202359398252
204, -0.15271466435424066, -0.29130006380890605, 0.21715636826179718
205, -0.15271466435424066, -0.2895681294465924, 0.21610965674961427
206, -0.15271466435424066, -0.29776739893693627, 0.22343098929048555
207, -0.15271466435424066, -0.28609744859494957, 0.210851907754252
208, -0.15271466435424066, -0.30009244249725514, 0.22581417358398434
209, -0.15271466435424066, -0.2898925927632615, 0.21412103774643568
210, -0.15271466435424066, -0.2929029928144938, 0.2178753669561892
211, -0.15271466435424066, -0.29394895322202347, 0.2200455846995215
212, -0.15271466435424066, -0.2959652005901918, 0.22015466236593537
213, -0.15271466435424066, -0.2911907956027536, 0.21793841371661743
214, -0.15271466435424066, -0.28840114012560913, 0.21397971152778134
215, -0.15271466435424066, -0.2933266540257388, 0.22083614218607617
216, -0.15271466435424066, -0.28781510884872996, 0.21416376897821446
217, -0.15271466435424066, -0.29282632122146923, 0.22097111035191663
218, -0.15271466435424066, -0.29085206855153206, 0.217888438083772
219, -0.15271466435424066, -0.29332574755730945, 0.22129012936707237
220, -0.15271466435424066, -0.28886043589734245, 0.21512670998792058
221, -0.15271466435424066, -0.29224282433617177, 0.21745947795923992
222, -0.15271466435424066, -0.2901966727343127, 0.2152068743752864
223, -0.15271466435424066, -0.30177363810885616, 0.22762789210488055
224, -0.15271466435424066, -0.30281339269275087, 0.23007633281804019
225, -0.15271466435424066, -0.2931729804298712, 0.21785868641503134
226, -0.15271466435424066, -0.2934740506180935, 0.2191679745201326
227, -0.15271466435424066, -0.29886463386938167, 0.22652503198559076
228, -0.15271466435424066, -0.2917851452492137, 0.21773714235582112
229, -0.15271466435424066, -0.29333899177089645, 0.21863218050503408
230, -0.15271466435424066, -0.29333221080684396, 0.21857517530038514
231, -0.15271466435424066, -0.2867840120818728, 0.21180720465029537
232, -0.15271466435424066, -0.3024403937390639, 0.22918500758977922
233, -0.15271466435424066, -0.2971154559448144, 0.2242298398993259
234, -0.15271466435424066, -0.2910093513034963, 0.21785546908047257
235, -0.15271466435424066, -0.2931644249810055, 0.22003888064825708
236, -0.15271466435424066, -0.2980256271400557, 0.2226732787352924
237, -0.15271466435424066, -0.29219357326233575, 0.21898895650175335
238, -0.15271466435424066, -0.29400341492282556, 0.2202628912775707
239, -0.15271466435424066, -0.2956787683887821, 0.22247802793637658
240, -0.15271466435424066, -0.3009191983827083, 0.22775519348298104
241, -0.15271466435424066, -0.3036812425316134, 0.23012457802472977
242, -0.15271466435424066, -0.29182362496341857, 0.21683104038556658
243, -0.15271466435424066, -0.2997895196592251, 0.2250933825255745
244, -0.15271466435424066, -0.2915330192140441, 0.21689551770541432
245, -0.15271466435424066, -0.29721190184243995, 0.2229853475246912
246, -0.15271466435424066, -0.2861746955867785, 0.2107975951664486
247, -0.15271466435424066, -0.29526438292377954, 0.22034560878151604
248, -0.15271466435424066, -0.2969323355676241, 0.22185109811105938
249, -0.15271466435424066, -0.2913089754883254, 0.2159964889643126
250, -0.15271466435424066, -0.2872140261368031, 0.21250253889176032
251, -0.15271466435424066, -0.2882706955450941, 0.2115661219759159
252, -0.15271466435424066, -0.303359398645761, 0.22761097229338584
253, -0.15271466435424066, -0.298328564791951, 0.22581650809390713
254, -0.15271466435424066, -0.28988911121872407, 0.21666253830188203
255, -0.15271466435424066, -0.2962073606774801, 0.22078238687302723
256, -0.15271466435424066, -0.29423227677330294, 0.21899378747050274
257, -0.15271466435424066, -0.3015271463191221, 0.22566124397718662
258, -0.15271466435424066, -0.2919364050148461, 0.217309047734265
259, -0.15271466435424066, -0.28522309095493176, 0.20916344629994707
260, -0.15271466435424066, -0.29418640150159636, 0.21946239736558654
261, -0.15271466435424066, -0.30066980018293815, 0.22577957805189053
262, -0.15271466435424066, -0.29826434276752994, 0.22292460657331983
263, -0.15271466435424066, -0.2999066318168228, 0.22506204343965264
264, -0.15271466435424066, -0.29536357756483, 0.2201813816211787
265, -0.15271466435424066, -0.297397845423181, 0.22348565154651623
266, -0.15271466435424066, -0.301976214598211, 0.228779199151059
267, -0.15271466435424066, -0.2984012443085082, 0.22586004221447661
268, -0.15271466435424066, -0.3010928234032398, 0.2271339017447349
269, -0.15271466435424066, -0.30312833571196385, 0.2286501463902951
270, -0.15271466435424066, -0.2924567320207601, 0.21633358710650596
271, -0.15271466435424066, -0.2985696334659661, 0.2231578705164512
272, -0.15271466435424066, -0.2975879489097675, 0.22367604795627402
273, -0.15271466435424066, -0.3012658631839288, 0.22684082597725494
274, -0.15271466435424066, -0.30855309205684667, 0.23528254990962663
275, -0.15271466435424066, -0.30515711764745646, 0.23005033579536932
276, -0.15271466435424066, -0.30203089469043826, 0.2280314197662787
277, -0.15271466435424066, -0.30358455134717965, 0.2287925455219039
278, -0.15271466435424066, -0.30186286087437103, 0.22731343924497652
279, -0.15271466435424066, -0.30359536317224534, 0.23012437050167192
280, -0.15271466435424066, -0.3008707676087583, 0.2287802883924738
281, -0.15271466435424066, -0.30241460107328594, 0.22789443968394174
282, -0.15271466435424066, -0.2956301412221471, 0.21981734090990337
283, -0.15271466435424066, -0.2857308354314377, 0.2111963757937762
284, -0.15271466435424066, -0.28386540894095136, 0.20657703590360418
285, -0.15271466435424066, -0.2988268987694573, 0.22239386603665393
286, -0.15271466435424066, -0.29833472214294904, 0.22602177760138228
287, -0.15271466435424066, -0.30834746001597846, 0.23232026707369643
288, -0.15271466435424066, -0.3003540661428104, 0.22636044414608708
289, -0.15271466435424066, -0.3036127167224319, 0.22901928391551327
290, -0.15271466435424066, -0.30367108674453286, 0.2284398099198288
291, -0.15271466435424066, -0.30873170432872116, 0.23403998772124474
292, -0.15271466435424066, -0.3012065518998382, 0.2271390689956121
293, -0.15271466435424066, -0.3038042466779822, 0.23019933752735872
294, -0.15271466435424066, -0.29657862940370355, 0.22354149366169687
295, -0.15271466435424066, -0.30421811225436995, 0.22842564520512082
296, -0.15271466435424066, -0.301689393321652, 0.22741186834027352
297, -0.15271466435424066, -0.30746011671331036, 0.23361944621494501
298, -0.15271466435424066, -0.29673693812728713, 0.22420260302949188
299, -0.15271466435424066, -0.29695847763757344, 0.22389483025672016
300, -0.15271466435424066, -0.2991316571293426, 0.22580398566839854
301, -0.15271466435424066, -0.3014359887644697, 0.2273003419950367
302, -0.15271466435424066, -0.30913825380946863, 0.233081906088336
303, -0.15271466435424066, -0.30168473136305496, 0.22868502002262336
304, -0.15271466435424066, -0.2896316630274397, 0.21278735507699226
305, -0.15271466435424066, -0.30689656747759453, 0.23275591214967262
306, -0.15271466435424066, -0.2993291819328501, 0.22434723111040852
307, -0.15271466435424066, -0.30057754684501703, 0.2273358095472512
308, -0.15271466435424066, -0.301940526164209, 0.2263428760602812
309, -0.15271466435424066, -0.29682510451974997, 0.2224591098880835
310, -0.15271466435424066, -0.2959913685795044, 0.22245566183047583
311, -0.15271466435424066, -0.29675425051781323, 0.2227139612398066
312, -0.15271466435424066, -0.2939005075591759, 0.21833956353489384
313, -0.15271466435424066, -0.2999426313926673, 0.22371431184560497
314, -0.15271466435424066, -0.30102750501190034, 0.2263207170072721
315, -0.15271466435424066, -0.2860733410547595, 0.20956094159505825
316, -0.15271466435424066, -0.30736385151292256, 0.23342167560644256
317, -0.15271466435424066, -0.298175500703422, 0.22294382676942762
318, -0.15271466435424066, -0.3025912800933119, 0.22767472255126464
319, -0.15271466435424066, -0.2926346196336247, 0.21933388890068015
320, -0.15271466435424066, -0.3027057581361276, 0.22769392430697843
321, -0.15271466435424066, -0.2972554175119023, 0.2236223633006312
322, -0.15271466435424066, -0.29619803885594354, 0.22215611124850412
323, -0.15271466435424066, -0.29836924035763024, 0.22354638235333618
324, -0.15271466435424066, -0.28973991473769256, 0.21549198592724808
325, -0.15271466435424066, -0.29128890895344395, 0.21449156564065375
326, -0.15271466435424066, -0.29558427675104754, 0.22188703681526106
327, -0.15271466435424066, -0.2955431810567512, 0.22105668149629268
328, -0.15271466435424066, -0.3011277527297887, 0.2267820522002706
329, -0.15271466435424066, -0.29775230681362125, 0.22324591445078332
330, -0.15271466435424066, -0.2995320172146358, 0.22583329037053188
331, -0.15271466435424066, -0.30291297865132494, 0.22882263619556437
332, -0.15271466435424066, -0.3021498757440971, 0.22585443348118758
333, -0.15271466435424066, -0.29854057118107474, 0.22434491989759398
334, -0.15271466435424066, -0.2964748077657126, 0.22194672757016118
335, -0.15271466435424066, -0.3025149344643207, 0.22760007171056987
336, -0.15271466435424066, -0.29321251934751297, 0.2185006687008207
337, -0.15271466435424066, -0.30079733580077533, 0.2279382613156084
338, -0.15271466435424066, -0.29869978887738585, 0.2238385043022511
339, -0.15271466435424066, -0.29254910883652147, 0.21922867259592868
340, -0.15271466435424066, -0.2966925334480591, 0.22396637836257338
341, -0.15271466435424066, -0.3027410905497156, 0.22995534577446478
342, -0.15271466435424066, -0.30252462027223087, 0.22994949855039368
343, -0.15271466435424066, -0.2940003987717331, 0.22061282118886108
344, -0.15271466435424066, -0.3004552571572445, 0.22676340939424008
345, -0.15271466435424066, -0.29317773432205896, 0.21890028857714688
346, -0.15271466435424066, -0.30115838121990257, 0.22714438206108922
347, -0.15271466435424066, -0.2912159578615733, 0.21865210130602514
348, -0.15271466435424066, -0.2948577562296017, 0.22071921078135764
349, -0.15271466435424066, -0.29485169571382397, 0.2205362656036407
350, -0.15271466435424066, -0.2898453228869605, 0.2134906278731632
351, -0.15271466435424066, -0.30450861785982025, 0.23134804129075048
352, -0.15271466435424066, -0.2931121765257945, 0.21939135996081124
353, -0.15271466435424066, -0.29965001084745047, 0.2248549128826133
354, -0.15271466435424066, -0.2963759984779038, 0.2238092860825059
355, -0.15271466435424066, -0.2939282785084433, 0.21947489773302564
356, -0.15271466435424066, -0.2993967220189224, 0.22597254165559127
357, -0.15271466435424066, -0.30148470665523935, 0.22696061504883047
358, -0.15271466435424066, -0.3059478162546693, 0.232427513098631
359, -0.15271466435424066, -0.2977557187510372, 0.22373048909636964
360, -0.15271466435424066, -0.2971380244746723, 0.22073448549539396
361, -0.15271466435424066, -0.28218055043941903, 0.20707573760617673
362, -0.15271466435424066, -0.29422182813073317, 0.22130341969618972
363, -0.15271466435424066, -0.2992050049930267, 0.22596463473594716
364, -0.15271466435424066, -0.2924503132076699, 0.21750347469542047
365, -0.15271466435424066, -0.2958902931389793, 0.22135417928458792
366, -0.15271466435424066, -0.30191746465079217, 0.22816379993703656
367, -0.15271466435424066, -0.29824880529429537, 0.22406011616164226
368, -0.15271466435424066, -0.29100822938298726, 0.21640356867300525
369, -0.15271466435424066, -0.30382818873834344, 0.23224374558967278
370, -0.15271466435424066, -0.29291621964115705, 0.21911304749154334
371, -0.15271466435424066, -0.2968680937861256, 0.2222157410483958
372, -0.15271466435424066, -0.2988033339611671, 0.22672292428296667
373, -0.15271466435424066, -0.2991157122022054, 0.22609395790274125
374, -0.15271466435424066, -0.30551724681971093, 0.2326579826601339
375, -0.15271466435424066, -0.2906386680802729, 0.21640593950353632
376, -0.15271466435424066, -0.2928563833897441, 0.21832930060139522
377, -0.15271466435424066, -0.2999273089716217, 0.2246063519597872
378, -0.15271466435424066, -0.2968148844764567, 0.223416864816565
379, -0.15271466435424066, -0.2985788577397591, 0.22400039376013953
380, -0.15271466435424066, -0.2910411774552268, 0.21721338471076568
381, -0.15271466435424066, -0.29160406789035476, 0.2179100370757478
382, -0.15271466435424066, -0.29460007218887085, 0.21993848204425095
383, -0.15271466435424066, -0.2913812719818856, 0.21726347140456642
384, -0.15271466435424066, -0.2960837790525396, 0.22293171862002323
385, -0.15271466435424066, -0.2908870507973987, 0.2162883838622585
386, -0.15271466435424066, -0.28830837917421465, 0.2125181969489162
387, -0.15271466435424066, -0.3019486486515302, 0.22799430158034037
388, -0.15271466435424066, -0.29485572508821706, 0.21932364858955106
389, -0.15271466435424066, -0.29468043156914653, 0.2210060113467452
390, -0.15271466435424066, -0.2930081796305654, 0.2183535889661061
391, -0.15271466435424066, -0.29504894274553245, 0.22142683870929206
392, -0.15271466435424066, -0.303815312755224, 0.22956807734097281
393, -0.15271466435424066, -0.2910719414456774, 0.21622396632792013
394, -0.15271466435424066, -0.2921756514956647, 0.21752868721857932
395, -0.15271466435424066, -0.29420458765132934, 0.2178803307886568
396, -0.15271466435424066, -0.2953732116609061, 0.21984505682558117
397, -0.15271466435424066, -0.2925194784073063, 0.21683999302232765
398, -0.15271466435424066, -0.2913633237928924, 0.21659511995545405
399, -0.15271466435424066, -0.2966284749770553, 0.22226114626789598
400, -0.15271466435424066, -0.29646053834698943, 0.22117224507171296
401, -0.15271466435424066, -0.2978527656641, 0.2216111933354888
402, -0.15271466435424066, -0.28678996761135067, 0.20804821906176804
403, -0.15271466435424066, -0.30225512767825885, 0.22898041267533062
404, -0.15271466435424066, -0.3026682645357002, 0.2289459778053841
405, -0.15271466435424066, -0.2951761678392364, 0.22076451986006404
406, -0.15271466435424066, -0.2940750898860352, 0.2201363415886209
407, -0.15271466435424066, -0.2839394063153969, 0.20876250540247515
408, -0.15271466435424066, -0.2926407429086394, 0.21671081608016865
409, -0.15271466435424066, -0.29324204837874357, 0.21762560902112635
410, -0.15271466435424066, -0.30117143586298634, 0.22757234207841823
411, -0.15271466435424066, -0.2966911372470854, 0.2239637942256617
412, -0.15271466435424066, -0.29004995631376185, 0.21587871594587402
413, -0.15271466435424066, -0.3026552706713139, 0.2270531686586748
414, -0.15271466435424066, -0.29059905324182783, 0.213828151137079
415, -0.15271466435424066, -0.3017167211015314, 0.2250283517544054
416, -0.15271466435424066, -0.2967134855158017, 0.22156151281273564
417, -0.15271466435424066, -0.29372971133915166, 0.21747153577571918
418, -0.15271466435424066, -0.2923874155122614, 0.21867955956677543
419, -0.15271466435424066, -0.29762444400016397, 0.2222466286599963
420, -0.15271466435424066, -0.291312093798934, 0.2150867068650576
421, -0.15271466435424066, -0.30404801235750534, 0.23194013737169797
422, -0.15271466435424066, -0.2998276250332072, 0.22640505784477188
423, -0.15271466435424066, -0.2868931649392854, 0.2115319580027699
424, -0.15271466435424066, -0.3036229221281616, 0.22756080022325584
425, -0.15271466435424066, -0.2977762641961707, 0.22278088887283704
426, -0.15271466435424066, -0.2961231138546626, 0.22267354592429997
427, -0.15271466435424066, -0.29462630397720924, 0.22187269538769036
428, -0.15271466435424066, -0.2991301323372969, 0.22775603297665079
429, -0.15271466435424066, -0.31158820326153713, 0.23741330661255003
430, -0.15271466435424066, -0.2991129890525583, 0.22485293127456232
431, -0.15271466435424066, -0.2885398128957435, 0.21468392972629452
432, -0.15271466435424066, -0.30669249224667344, 0.23367471716144625
433, -0.15271466435424066, -0.30409903772994096, 0.23132342297644637
434, -0.15271466435424066, -0.2967379997642815, 0.22488231020678282
435, -0.15271466435424066, -0.2952579548538075, 0.22239558541351706
436, -0.15271466435424066, -0.29747226412693817, 0.22336772523377335
437, -0.15271466435424066, -0.29233935726414073, 0.21814379379359528
438, -0.15271466435424066, -0.2902898549451467, 0.2153175935781127
439, -0.15271466435424066, -0.28914310953171046, 0.2145244117310523
440, -0.15271466435424066, -0.30851128703918423, 0.23546016712364531
441, -0.15271466435424066, -0.3090055909922845, 0.23368841280901406
442, -0.15271466435424066, -0.29996526216724306, 0.22494494160473677
443, -0.15271466435424066, -0.30540124517381473, 0.23257194251391328
444, -0.15271466435424066, -0.2991830760310739, 0.22447734802590036
445, -0.15271466435424066, -0.30380432559871634, 0.2262347213341113
446, -0.15271466435424066, -0.3021375819660009, 0.22800847028369423
447, -0.15271466435424066, -0.30166884305785546, 0.22705075818228934
448, -0.15271466435424066, -0.29069526265152906, 0.2172613883481523
449, -0.15271466435424066, -0.30916784250214074, 0.2343438309341882
450, -0.15271466435424066, -0.2947928411053892, 0.22009379752185868
451, -0.15271466435424066, -0.29600430708100506, 0.2208071757265408
452, -0.15271466435424066, -0.30131634530026136, 0.2271057243424585
453, -0.15271466435424066, -0.29743399453749486, 0.2235099006399801
454, -0.15271466435424066, -0.30113534859035973, 0.22837852860944508
455, -0.15271466435424066, -0.29474324757662507, 0.22142441102474392
456, -0.15271466435424066, -0.2994224066038591, 0.2278171993655805
457, -0.15271466435424066, -0.29626016190794396, 0.22174871933941787
458, -0.15271466435424066, -0.28706079561298475, 0.210285427271462
459, -0.15271466435424066, -0.28989444284144056, 0.21347852062385578
460, -0.15271466435424066, -0.2911936005482699, 0.2185505133526109
461, -0.15271466435424066, -0.3032661646215473, 0.23043112407940608
462, -0.15271466435424066, -0.2962207699231365, 0.22030335028765807
463, -0.15271466435424066, -0.30124048649665586, 0.22485661255382436
464, -0.15271466435424066, -0.29308858235632657, 0.21962168465927007
465, -0.15271466435424066, -0.2964290041087317, 0.22358177096021986
466, -0.15271466435424066, -0.2913748515175079, 0.21864912537061823
467, -0.15271466435424066, -0.29825404222687546, 0.22512659930251513
468, -0.15271466435424066, -0.302152527761351, 0.22897636919718167
469, -0.15271466435424066, -0.29212458709637584, 0.2177301126234022
470, -0.15271466435424066, -0.2863348127421709, 0.21048660740656536
471, -0.15271466435424066, -0.2910335324386188, 0.21556296710386336
472, -0.15271466435424066, -0.2890986947984948, 0.21514043071016659
473, -0.15271466435424066, -0.2953857498977931, 0.2229682815717101
474, -0.15271466435424066, -0.29459234057749106, 0.2223663302465862
475, -0.15271466435424066, -0.2990265495637178, 0.22362691972626783
476, -0.15271466435424066, -0.29946204810138105, 0.22545139861233682
477, -0.15271466435424066, -0.2896714297377158, 0.21640522813781135
478, -0.15271466435424066, -0.2872372616150746, 0.21253399306391713
479, -0.15271466435424066, -0.29615404657488187, 0.22249974273428713
480, -0.15271466435424066, -0.2974279230609236, 0.22244101039936043
481, -0.15271466435424066, -0.29747505620191, 0.22288193570718373
482, -0.15271466435424066, -0.294963955752624, 0.22133397326922702
483, -0.15271466435424066, -0.29607469266405506, 0.22109600530267653
484, -0.15271466435424066, -0.2998330136879841, 0.22444490548444818
485, -0.15271466435424066, -0.2832769377388067, 0.20758710524979165
486, -0.15271466435424066, -0.3004663252035624, 0.22555581292357071
487, -0.15271466435424066, -0.28688894702605205, 0.21408541351931745
488, -0.15271466435424066, -0.2936426101362448, 0.21858865677721465
489, -0.15271466435424066, -0.3000268400924822, 0.22456196735152661
490, -0.15271466435424066, -0.2944614990504963, 0.21766919280506838
491, -0.15271466435424066, -0.29563366289000564, 0.22253937376099123
492, -0.15271466435424066, -0.3005584613132956, 0.2272031888802884
493, -0.15271466435424066, -0.29146475656098425, 0.21727951952493102
494, -0.15271466435424066, -0.2961064315497592, 0.22193118483525506
495, -0.15271466435424066, -0.29261423544028103, 0.21635512840205834
496, -0.15271466435424066, -0.30251252425566055, 0.2268242879708295
497, -0.15271466435424066, -0.30990692258918423, 0.2364258007095968
498, -0.15271466435424066, -0.2894527127881498, 0.2134691245823563
499, -0.15271466435424066, -0.29772318297672123, 0.22329451157022673
500, -0.15271466435424066, -0.30892922531596106, 0.23489049872169732
501, -0.15271466435424066, -0.29920535779550655, 0.22471641288967514
502, -0.15271466435424066, -0.295561196252118, 0.2214583977534674
503, -0.15271466435424066, -0.2988378041392837, 0.2247800838749328
504, -0.15271466435424066, -0.2969911488905978, 0.22250275702124336
505, -0.15271466435424066, -0.30471554492086966, 0.23249537520164357
506, -0.15271466435424066, -0.29258243989069466, 0.2185511441803807
507, -0.15271466435424066, -0.3059531189272349, 0.23273972526973835
508, -0.15271466435424066, -0.29013434302688335, 0.2155559292890645
509, -0.15271466435424066, -0.3018398683932377, 0.22875530844572126
510, -0.15271466435424066, -0.30958082847977547, 0.23501621369354828
511, -0.15271466435424066, -0.3096554152300886, 0.23497623179270036
512, -0.15271466435424066, -0.30231770507789746, 0.22643757073233
513, -0.15271466435424066, -0.29920093112855506, 0.22355448891090082
514, -0.15271466435424066, -0.2987751850163191, 0.22409950148553529
515, -0.15271466435424066, -0.2971383864485975, 0.22259875500792797
516, -0.15271466435424066, -0.29500657238013583, 0.22119225053541616
517, -0.15271466435424066, -0.29928955918015665, 0.2262078408189112
518, -0.15271466435424066, -0.29799577502248414, 0.22480466922406672
519, -0.15271466435424066, -0.2989626269562467, 0.22320211182993968
520, -0.15271466435424066, -0.2995103019556712, 0.22418934645239572
521, -0.15271466435424066, -0.2968405070886507, 0.22019099302746692
522, -0.15271466435424066, -0.2912136753998356, 0.21776756720997237
523, -0.15271466435424066, -0.3065001728510775, 0.23358766255091892
524, -0.15271466435424066, -0.29680247503534996, 0.222412815572754
525, -0.15271466435424066, -0.3070151240193757, 0.23303055528907599
526, -0.15271466435424066, -0.29793840942897326, 0.22222289008400195
527, -0.15271466435424066, -0.30432474375810836, 0.2304462315938139
528, -0.15271466435424066, -0.29509717185857326, 0.22097455216415535
529, -0.15271466435424066, -0.29376813085143205, 0.21813914354739575
530, -0.15271466435424066, -0.2926876842046491, 0.21861609163857992
531, -0.15271466435424066, -0.30798068098083803, 0.23455796421327801
532, -0.15271466435424066, -0.2937460495393836, 0.22030493273104954
533, -0.15271466435424066, -0.3011488589080004, 0.22735219240620463
534, -0.15271466435424066, -0.2950428767856957, 0.2188821044221471
535, -0.15271466435424066, -0.29267765099852466, 0.2168005187026107
536, -0.15271466435424066, -0.2936330628245079, 0.2191391891891178
537, -0.15271466435424066, -0.3065013195896693, 0.23008170539063214
538, -0.15271466435424066, -0.30107482801723706, 0.227701832534258
539, -0.15271466435424066, -0.3043993249926386, 0.23113163183444063
540, -0.15271466435424066, -0.29457040925211314, 0.2204598229479483
541, -0.15271466435424066, -0.31556285970357506, 0.23890345001100036
542, -0.15271466435424066, -0.30344156925164273, 0.2277301902397373
543, -0.15271466435424066, -0.2938570622623431, 0.2171086311023505
544, -0.15271466435424066, -0.302014801540738, 0.22845047438476007
545, -0.15271466435424066, -0.29639089346633984, 0.2230238782153764
546, -0.15271466435424066, -0.31296177941197095, 0.23670591833700158
547, -0.15271466435424066, -0.3042331882651456, 0.2299650602360666
548, -0.15271466435424066, -0.3096273753111509, 0.23387760619378153
549, -0.15271466435424066, -0.29684979297853537, 0.22224065349336236
550, -0.15271466435424066, -0.301181170712873, 0.22556605128030058
551, -0.15271466435424066, -0.3004015801569563, 0.2237159408962916
552, -0.15271466435424066, -0.3153293428936273, 0.2415766296670354
553, -0.15271466435424066, -0.29722817929030876, 0.22233366859787568
554, -0.15271466435424066, -0.29942720097944436, 0.22532489507888445
555, -0.15271466435424066, -0.3011031145970322, 0.2283880129501309
556, -0.15271466435424066, -0.30148766637137786, 0.22691592886069925
557, -0.15271466435424066, -0.30301361746999905, 0.22717075372205708
558, -0.15271466435424066, -0.3030565637398975, 0.2272186816643424
559, -0.15271466435424066, -0.304936667477916, 0.23260137594062139
560, -0.15271466435424066, -0.2958477226861291, 0.22253154679478088
561, -0.15271466435424066, -0.30394635347266, 0.23002440653282089
562, -0.15271466435424066, -0.29327572888262976, 0.21834858718960465
563, -0.15271466435424066, -0.29110743668756, 0.22020888864979657
564, -0.15271466435424066, -0.30158625006612144, 0.22712237129368068
565, -0.15271466435424066, -0.3051721257421354, 0.2308710344554235
566, -0.15271466435424066, -0.29257457196076037, 0.21780375332476304
567, -0.15271466435424066, -0.28804340533151696, 0.21457298199346517
568, -0.15271466435424066, -0.29770972740171703, 0.22278282568655927
569, -0.15271466435424066, -0.3033797654709101, 0.2292124474247385
570, -0.15271466435424066, -0.30359305521446095, 0.23014091877717516
571, -0.15271466435424066, -0.3008407894502123, 0.22654845469788343
572, -0.15271466435424066, -0.29922411499871865, 0.22322148292394461
573, -0.15271466435424066, -0.30598562936548634, 0.23034062032497207
574, -0.15271466435424066, -0.3076197643018826, 0.23336764182083491
575, -0.15271466435424066, -0.2952502807175159, 0.22094064614693965
576, -0.15271466435424066, -0.30155320329679514, 0.22876406771926794
577, -0.15271466435424066, -0.3038291463365899, 0.23129063444946663
578, -0.15271466435424066, -0.3037511628758093, 0.2293072095524133
579, -0.15271466435424066, -0.3128563035147575, 0.23704429829478
580, -0.15271466435424066, -0.3015515055733577, 0.22704394991931753
581, -0.15271466435424066, -0.3025547873764285, 0.22802709631748924
582, -0.15271466435424066, -0.3025935999748887, 0.22991867179272282
583, -0.15271466435424066, -0.3074402347406563, 0.23374717655001312
584, -0.15271466435424066, -0.3037794593284037, 0.22989866590707922
585, -0.15271466435424066, -0.2930489244342434, 0.2163297964522769
586, -0.15271466435424066, -0.2969908207106217, 0.22354923388774778
587, -0.15271466435424066, -0.29215221857104695, 0.21700003432369624
588, -0.15271466435424066, -0.3079295183723258, 0.2320906516404946
589, -0.15271466435424066, -0.3012421941711528, 0.2278106525975864
590, -0.15271466435424066, -0.29929704644549515, 0.22509230887638615
591, -0.15271466435424066, -0.2976789976841086, 0.22322495183742821
592, -0.15271466435424066, -0.2980946769176546, 0.22363459340185124
593, -0.15271466435424066, -0.29499768002421306, 0.22148927285588427
594, -0.15271466435424066, -0.2953050658789278, 0.22048165646918788
595, -0.15271466435424066, -0.29691511564539297, 0.2225864420304252
596, -0.15271466435424066, -0.30180179411413843, 0.22663023278021588
597, -0.15271466435424066, -0.30482941517585505, 0.2323415888328465
598, -0.15271466435424066, -0.3052472184482512, 0.23128263945796276
599, -0.15271466435424066, -0.30353790469042957, 0.22901789297506153
600, -0.15271466435424066, -0.2952868104935302, 0.22077328455311532
601, -0.15271466435424066, -0.3048990199633423, 0.23048792642786753
602, -0.15271466435424066, -0.3014925089974798, 0.22687438736595766
603, -0.15271466435424066, -0.30292606109775694, 0.22799930851467332
604, -0.15271466435424066, -0.2993336241319312, 0.22521986575628047
605, -0.15271466435424066, -0.28995833973067436, 0.21459688099448518
606, -0.15271466435424066, -0.29978944072025066, 0.22570117595071984
607, -0.15271466435424066, -0.3114404679341326, 0.2380945683088184
608, -0.15271466435424066, -0.2965108148409587, 0.2239053379672473
609, -0.15271466435424066, -0.30938336412662715, 0.2347735999925687
610, -0.15271466435424066, -0.2989049553133405, 0.22391826230961925
611, -0.15271466435424066, -0.29841382787729337, 0.222220590613135
612, -0.15271466435424066, -0.3024210181789849, 0.22644847168246898
613, -0.15271466435424066, -0.3000460457916586, 0.22764447913771052
614, -0.15271466435424066, -0.30235673620369224, 0.22847423859299237
615, -0.15271466435424066, -0.3066167128358628, 0.23219158820685754
616, -0.15271466435424066, -0.30528126264404365, 0.2292054940216785
617, -0.15271466435424066, -0.30527054761725925, 0.2309446703065465
618, -0.15271466435424066, -0.3020050622750685, 0.2261399482528519
619, -0.15271466435424066, -0.30603811373807716, 0.23056211883480676
620, -0.15271466435424066, -0.3044804473774133, 0.23002255954777018
621, -0.15271466435424066, -0.29212116029518825, 0.2173331306429649
622, -0.15271466435424066, -0.3074783681216963, 0.23388100958697428
623, -0.15271466435424066, -0.30493517492326827, 0.22942344879025053
624, -0.15271466435424066, -0.2947594813585255, 0.22015087322914464
625, -0.15271466435424066, -0.2995076926965359, 0.22510880192142113
626, -0.15271466435424066, -0.30007808888337323, 0.22488139160700035
627, -0.15271466435424066, -0.2891434265029273, 0.2135701787351727
628, -0.15271466435424066, -0.29792211596143464, 0.22100500058805658
629, -0.15271466435424066, -0.2977585537003111, 0.22355219819472644
630, -0.15271466435424066, -0.30419273940125086, 0.23047536447592099
631, -0.15271466435424066, -0.3020891428055771, 0.22573958664018423
632, -0.15271466435424066, -0.3044611834618823, 0.22873059451836247
633, -0.15271466435424066, -0.2918730520667556, 0.21519383320036772
634, -0.15271466435424066, -0.3044322073568461, 0.23064035586792472
635, -0.15271466435424066, -0.3024870604415778, 0.22805478423301137
636, -0.15271466435424066, -0.29634516718796916, 0.2207107086512243
637, -0.15271466435424066, -0.2981048893193941, 0.22112373993534512
638, -0.15271466435424066, -0.3063996935941785, 0.23019363437914683
639, -0.15271466435424066, -0.305173984603126, 0.23211876321418867
640, -0.15271466435424066, -0.29701323779495226, 0.2236526697298483
641, -0.15271466435424066, -0.30352117176834736, 0.22932664704589822
642, -0.15271466435424066, -0.2955935326625948, 0.21905742835499978
643, -0.15271466435424066, -0.3033361335827239, 0.22852863671250295
644, -0.15271466435424066, -0.30124532660493936, 0.22684579283260978
645, -0.15271466435424066, -0.29242295030003057, 0.2162521015533049
646, -0.15271466435424066, -0.29025976429743516, 0.21474634821403998
647, -0.15271466435424066, -0.29539250189501864, 0.22157464214554448
648, -0.15271466435424066, -0.2896113515162505, 0.21430984550517052
649, -0.15271466435424066, -0.29292223008160995, 0.21810495926262938
650, -0.15271466435424066, -0.30037105687808074, 0.22627387560128392
651, -0.15271466435424066, -0.2982103130138582, 0.22240578602571642
652, -0.15271466435424066, -0.2960821915218875, 0.221337514250748
653, -0.15271466435424066, -0.3033088055719116, 0.2284246694826936
654, -0.15271466435424066, -0.2970483291922379, 0.2219235918981811
655, -0.15271466435424066, -0.3088872985074308, 0.2324159210294858
656, -0.15271466435424066, -0.3050801913449694, 0.22931608478969331
657, -0.15271466435424066, -0.3102060363418877, 0.2357173610136047
658, -0.15271466435424066, -0.2967928648733138, 0.2176044665447173
659, -0.15271466435424066, -0.2994952485067717, 0.22511612312481782
660, -0.15271466435424066, -0.29858393995126037, 0.22297581216317047
661, -0.15271466435424066, -0.30456974873692993, 0.2287785946278868
662, -0.15271466435424066, -0.305114384567724, 0.23022730568987607
663, -0.15271466435424066, -0.3061569811175803, 0.23120915085509988
664, -0.15271466435424066, -0.2919763913350567, 0.2178891970815155
665, -0.15271466435424066, -0.2940549600655462, 0.21921639489234243
666, -0.15271466435424066, -0.2995129214161183, 0.22562166217901866
667, -0.15271466435424066, -0.30236047140570227, 0.22561498004165353
668, -0.15271466435424066, -0.30323653683549956, 0.22782537905298986
669, -0.15271466435424066, -0.2975719926007356, 0.22210122197662074
670, -0.15271466435424066, -0.3007546603730126, 0.22577679430030517
671, -0.15271466435424066, -0.2844736657456905, 0.20799411761826678
672, -0.15271466435424066, -0.29800057403743235, 0.2256292179143094
673, -0.15271466435424066, -0.29528228122529365, 0.2216424924640972
674, -0.15271466435424066, -0.2976218648151907, 0.22124713832913204
675, -0.15271466435424066, -0.30074383033478014, 0.22712132333746196
676, -0.15271466435424066, -0.2982602724879912, 0.22596101143757852
677, -0.15271466435424066, -0.29613654550805146, 0.21969375099213476
678, -0.15271466435424066, -0.29844152167726956, 0.22394882287097656
679, -0.15271466435424066, -0.29003406038269375, 0.2137067865910575
680, -0.15271466435424066, -0.28570973502384844, 0.21126739344740958
681, -0.15271466435424066, -0.286136050275732, 0.2118106432627222
682, -0.15271466435424066, -0.3011034817120338, 0.22839842888290202
683, -0.15271466435424066, -0.2996427878914094, 0.22497400847456508
684, -0.15271466435424066, -0.2850339592662239, 0.2084502110749625
685, -0.15271466435424066, -0.28896605365593525, 0.2143394274920916
686, -0.15271466435424066, -0.2963458290414541, 0.2237163913156416
687, -0.15271466435424066, -0.2977744363220647, 0.22388798806085064
688, -0.15271466435424066, -0.2873295009700161, 0.21421798906615228
689, -0.15271466435424066, -0.30334070161942234, 0.22987355354258257
690, -0.15271466435424066, -0.2905787550856333, 0.21741776321920256
691, -0.15271466435424066, -0.2994994876972212, 0.2277140496944694
692, -0.15271466435424066, -0.3065295042715397, 0.23476096878576397
693, -0.15271466435424066, -0.2876707450027987, 0.2131014126921466
694, -0.15271466435424066, -0.3001461163543701, 0.22610380117418755
695, -0.15271466435424066, -0.3098584043823212, 0.23645067665721364
696, -0.15271466435424066, -0.3085639190855951, 0.23629672742615412
697, -0.15271466435424066, -0.30128765092410464, 0.22890563880332357
698, -0.15271466435424066, -0.29897108022019114, 0.22489815013671194
699, -0.15271466435424066, -0.2982855024898943, 0.22346012325855513
700, -0.15271466435424066, -0.3016047684454847, 0.22768953825657365
701, -0.15271466435424066, -0.3056217341720856, 0.23043797843857466
702, -0.15271466435424066, -0.29984329715219965, 0.22389457340746471
703, -0.15271466435424066, -0.29885644925583216, 0.22536252175789762
704, -0.15271466435424066, -0.2872289840106279, 0.2102758902469967
705, -0.15271466435424066, -0.31082792713866586, 0.23500387781897303
706, -0.15271466435424066, -0.2990723623779962, 0.22597905802015916
707, -0.15271466435424066, -0.30120667992608224, 0.22693341317672752
708, -0.15271466435424066, -0.29457518190808735, 0.2182493673963727
709, -0.15271466435424066, -0.2929216302585332, 0.2177602985543739
710, -0.15271466435424066, -0.29832845006035996, 0.2249382529362963
711, -0.15271466435424066, -0.2962601725697547, 0.22283961273489164
712, -0.15271466435424066, -0.2963674065474861, 0.22237538187096612
713, -0.15271466435424066, -0.2934526738732003, 0.22026950237029305
714, -0.15271466435424066, -0.29162222605773097, 0.2190636044923581
715, -0.15271466435424066, -0.28991046298440354, 0.21692402575096525
716, -0.15271466435424066, -0.2941933011081195, 0.21955567224241207
717, -0.15271466435424066, -0.29996312497864297, 0.22672194530459738
718, -0.15271466435424066, -0.3019676568512712, 0.2279107814279447
719, -0.15271466435424066, -0.29346776660627105, 0.2197525181176967
720, -0.15271466435424066, -0.2945964000891952, 0.22032150921351448
721, -0.15271466435424066, -0.29162819977766935, 0.21642671386293594
722, -0.15271466435424066, -0.2959918212138421, 0.2223194732995842
723, -0.15271466435424066, -0.29702871762631994, 0.22475955676071552
724, -0.15271466435424066, -0.3038588802932988, 0.22951545401494824
725, -0.15271466435424066, -0.3041915675493463, 0.22891674802588782
726, -0.15271466435424066, -0.2997492570132677, 0.22682510307796763
727, -0.15271466435424066, -0.2981941534182293, 0.22458366389326356
728, -0.15271466435424066, -0.2997906473181832, 0.22559667714510084
729, -0.15271466435424066, -0.2920384154564096, 0.21615421860359524
730, -0.15271466435424066, -0.30107048098256217, 0.2263594579438481
731, -0.15271466435424066, -0.29439498307292045, 0.21941221992126528
732, -0.15271466435424066, -0.29810363542666407, 0.22542349816262489
733, -0.15271466435424066, -0.2902575501625699, 0.21372520861438105
734, -0.15271466435424066, -0.2871570493315188, 0.2126306127071512
735, -0.15271466435424066, -0.2947302191861062, 0.22075833386036522
736, -0.15271466435424066, -0.2977526094525284, 0.22564040014017425
737, -0.15271466435424066, -0.2917558448012861, 0.21843879092096716
738, -0.15271466435424066, -0.30486669855951687, 0.23156396142733543
739, -0.15271466435424066, -0.29355738416041544, 0.21844959602204025
740, -0.15271466435424066, -0.3037543394164691, 0.23018708208654357
741, -0.15271466435424066, -0.2905303321678708, 0.21625334963982518
742, -0.15271466435424066, -0.305110717645475, 0.23072152703888055
743, -0.15271466435424066, -0.29763952756768164, 0.22398161127343216
744, -0.15271466435424066, -0.3061436460624732, 0.23118129304284118
745, -0.15271466435424066, -0.2966697773179884, 0.22053237777347443
746, -0.15271466435424066, -0.28994352402699575, 0.21588563529297525
747, -0.15271466435424066, -0.2906164111329272, 0.21743369459381445
748, -0.15271466435424066, -0.2936043348946045, 0.2183996728855176
749, -0.15271466435424066, -0.29097549336498507, 0.21588740661056932
750, -0.15271466435424066, -0.29663078198076476, 0.22445040864589563
751, -0.15271466435424066, -0.3007683294405243, 0.22704219166535536
752, -0.15271466435424066, -0.2947199136085979, 0.21986719347531805
753, -0.15271466435424066, -0.29678061742124345, 0.2223920557040862
754, -0.15271466435424066, -0.3051293693778577, 0.22938582855177622
755, -0.15271466435424066, -0.306010663436405, 0.22958065607646086
756, -0.15271466435424066, -0.30357925601820135, 0.22733939364068997
757, -0.15271466435424066, -0.3094473871324287, 0.23507570382528953
758, -0.15271466435424066, -0.299042442874931, 0.22521416945652115
759, -0.15271466435424066, -0.28323076979260253, 0.20578674452465667
760, -0.15271466435424066, -0.3012501607687994, 0.22659631866831353
761, -0.15271466435424066, -0.29750446937209496, 0.2268778283649704
762, -0.15271466435424066, -0.30189494355375085, 0.22810798245719655
763, -0.15271466435424066, -0.301755482392549, 0.22869620208848238
764, -0.15271466435424066, -0.29884844421779605, 0.2239984405497961
765, -0.15271466435424066, -0.30330216367414536, 0.22872386006133408
766, -0.15271466435424066, -0.2963769306153765, 0.22126688108736126
767, -0.15271466435424066, -0.29674224739196464, 0.22260577272531998
768, -0.15271466435424066, -0.29057264832961477, 0.21777115778291095
769, -0.15271466435424066, -0.2984580839077763, 0.22502481940317193
770, -0.15271466435424066, -0.30231465099025967, 0.22656410849522282
771, -0.15271466435424066, -0.29061267466590746, 0.21559082957311468
772, -0.15271466435424066, -0.2951233008093584, 0.22107361494899824
773, -0.15271466435424066, -0.30034840760027176, 0.22405745862139215
774, -0.15271466435424066, -0.29088459633969144, 0.21390350470207412
775, -0.15271466435424066, -0.29683879155115606, 0.222582459138496
776, -0.15271466435424066, -0.2933562744082892, 0.2192011486212154
777, -0.15271466435424066, -0.30097291977294127, 0.22781864356447531
778, -0.15271466435424066, -0.2894491007234151, 0.21506170123910692
779, -0.15271466435424066, -0.291422122058654, 0.21728871815705667
780, -0.15271466435424066, -0.3057321444169594, 0.23193502383044548
781, -0.15271466435424066, -0.3113766062087206, 0.23763686942192763
782, -0.15271466435424066, -0.2993731155736155, 0.22560834552725584
783, -0.15271466435424066, -0.3036894522898339, 0.23015063685535672
784, -0.15271466435424066, -0.30379076942909494, 0.22830286305408168
785, -0.15271466435424066, -0.2968170544577051, 0.22162419635677905
786, -0.15271466435424066, -0.29626097045358185, 0.22211530520103248
787, -0.15271466435424066, -0.2953450553093731, 0.2205009979168974
788, -0.15271466435424066, -0.28982460063073917, 0.215304949666556
789, -0.15271466435424066, -0.29516338843793954, 0.2204720906127909
790, -0.15271466435424066, -0.3070973087368034, 0.23351177352860641
791, -0.15271466435424066, -0.2958114298392534, 0.22182177992049534
792, -0.15271466435424066, -0.2969081683029108, 0.22201709192694527
793, -0.15271466435424066, -0.3058131921054171, 0.23242513290903077
794, -0.15271466435424066, -0.2960170259539875, 0.22167540110975675
795, -0.15271466435424066, -0.30603635532023027, 0.23147945147111962
796, -0.15271466435424066, -0.29958263746103214, 0.22516077221321038
797, -0.15271466435424066, -0.2872867654634414, 0.21247510924366503
798, -0.15271466435424066, -0.2998461150823397, 0.2267909970312705
799, -0.15271466435424066, -0.30233786472361635, 0.2273225167221007
800, -0.15271466435424066, -0.2992877860692136, 0.22483388594621093
801, -0.15271466435424066, -0.2919042074984706, 0.21516707956841122
802, -0.15271466435424066, -0.2965305572108266, 0.22316185765405558
803, -0.15271466435424066, -0.2924784028228382, 0.21572024539693152
804, -0.15271466435424066, -0.3002443963903101, 0.2256062311066016
805, -0.15271466435424066, -0.3049301417311476, 0.23071474945608558
806, -0.15271466435424066, -0.28934394564513594, 0.21539582717269742
807, -0.15271466435424066, -0.3010115363037998, 0.227998795314378
808, -0.15271466435424066, -0.3004685203298045, 0.22781155325548186
809, -0.15271466435424066, -0.2919684312488276, 0.21666268925756593
810, -0.15271466435424066, -0.3005640235149605, 0.2273702542233048
811, -0.15271466435424066, -0.30144652779029835, 0.22774903455274653
812, -0.15271466435424066, -0.3075247709718274, 0.23324351864973517
813, -0.15271466435424066, -0.30023001454193204, 0.22768640263831283
814, -0.15271466435424066, -0.29587778795745784, 0.22251504448120976
815, -0.15271466435424066, -0.2885592834457362, 0.21335995767902416
816, -0.15271466435424066, -0.2907915248299938, 0.21532625133276825
817, -0.15271466435424066, -0.29908821631142446, 0.2265000351973006
818, -0.15271466435424066, -0.30096373109609437, 0.22668903419937786
819, -0.15271466435424066, -0.3009764060524903, 0.22536555605426856
820, -0.15271466435424066, -0.2980241190411723, 0.2257609717287625
821, -0.15271466435424066, -0.30825718429528753, 0.23418744556738041
822, -0.15271466435424066, -0.30096544442552536, 0.22829854005679656
823, -0.15271466435424066, -0.2961057853274241, 0.22400704892247764
824, -0.15271466435424066, -0.2996696446209816, 0.22653158921925434
825, -0.15271466435424066, -0.29885540436221014, 0.22462607769075835
826, -0.15271466435424066, -0.30335557871082347, 0.22837544091378456
827, -0.15271466435424066, -0.3082971370648031, 0.23564549500725893
828, -0.15271466435424066, -0.29948490815810946, 0.2240785875155281
829, -0.15271466435424066, -0.30610092320295573, 0.2339490100557054
830, -0.15271466435424066, -0.3043623235724069, 0.23087899959140828
831, -0.15271466435424066, -0.29938292793238425, 0.2261568863578082
832, -0.15271466435424066, -0.30403795637348935, 0.2289322982321183
833, -0.15271466435424066, -0.2992284056925174, 0.22513213081204664
834, -0.15271466435424066, -0.290573096007963, 0.2169020054788676
835, -0.15271466435424066, -0.29848706966200333, 0.22479073969539975
836, -0.15271466435424066, -0.30065624772404376, 0.2284284995310868
837, -0.15271466435424066, -0.29680935510272716, 0.22102050666398482
838, -0.15271466435424066, -0.30443055205491737, 0.2307074035539626
839, -0.15271466435424066, -0.2933723147830904, 0.21844068415498702
840, -0.15271466435424066, -0.30736898024946546, 0.2329914103922681
841, -0.15271466435424066, -0.2963745774893521, 0.22182503102257944
842, -0.15271466435424066, -0.2984642615275208, 0.22486970732591885
843, -0.15271466435424066, -0.3015368399451077, 0.22705752989839975
844, -0.15271466435424066, -0.29555371081051424, 0.22049709861772554
845, -0.15271466435424066, -0.2942653594116868, 0.22024978533427045
846, -0.15271466435424066, -0.29794378251557907, 0.22425838910844342
847, -0.15271466435424066, -0.29468314633468917, 0.2212485177392434
848, -0.15271466435424066, -0.3075864512071652, 0.23342242143236872
849, -0.15271466435424066, -0.3093541221187231, 0.2322519172703952
850, -0.15271466435424066, -0.29578577269447437, 0.21955400103588957
851, -0.15271466435424066, -0.30506362100170564, 0.2292045702578991
852, -0.15271466435424066, -0.2939288286531002, 0.21877498530760853
853, -0.15271466435424066, -0.3016693401668855, 0.2265933874466791
854, -0.15271466435424066, -0.3023730230755326, 0.22706571101646736
855, -0.15271466435424066, -0.3034834246007948, 0.22798379349440637
856, -0.15271466435424066, -0.30492020097969114, 0.2323026065685215
857, -0.15271466435424066, -0.296327833013934, 0.22291148917318104
858, -0.15271466435424066, -0.29985666735296795, 0.2247624803552335
859, -0.15271466435424066, -0.2990041160827198, 0.22374630593638764
860, -0.15271466435424066, -0.3013353081268002, 0.22638044159046714
861, -0.15271466435424066, -0.3013690941949777, 0.22552279165618322
862, -0.15271466435424066, -0.30083554023298154, 0.22821192352082242
863, -0.15271466435424066, -0.30110313137721256, 0.22667912559364556
864, -0.15271466435424066, -0.3067658951277762, 0.23163766944746753
865, -0.15271466435424066, -0.2964687236588115, 0.22083159199458835
866, -0.15271466435424066, -0.295061666858313, 0.2219471587382782
867, -0.15271466435424066, -0.29439772651250784, 0.22051176116417845
868, -0.15271466435424066, -0.29752947304806, 0.2249457376885162
869, -0.15271466435424066, -0.3107858655127558, 0.2362191131097139
870, -0.15271466435424066, -0.3048887183769659, 0.22914947128444113
871, -0.15271466435424066, -0.2961031462184853, 0.2214068688109645
872, -0.15271466435424066, -0.29292036509972547, 0.2180601885087651
873, -0.15271466435424066, -0.2942216565579366, 0.22126077128689128
874, -0.15271466435424066, -0.3014483683030268, 0.22709397846982501
875, -0.15271466435424066, -0.3053662247043519, 0.23238073657607444
876, -0.15271466435424066, -0.30294172319632545, 0.22883140778033498
877, -0.15271466435424066, -0.28861062875695614, 0.21511865261610133
878, -0.15271466435424066, -0.2981466857465864, 0.22563680394230934
879, -0.15271466435424066, -0.2821790030755786, 0.2031131934423449
880, -0.15271466435424066, -0.29919514234837374, 0.22494194064542875
881, -0.15271466435424066, -0.3023290820684266, 0.22925747038782887
882, -0.15271466435424066, -0.29698790863077007, 0.22260075593909157
883, -0.15271466435424066, -0.29960894260552967, 0.22671711668586278
884, -0.15271466435424066, -0.3011417293137179, 0.22792888106737885
885, -0.15271466435424066, -0.30075284490633886, 0.22624539792852835
886, -0.15271466435424066, -0.30636561499262577, 0.23278022491808173
887, -0.15271466435424066, -0.30489469146353104, 0.23312241830844976
888, -0.15271466435424066, -0.3054038176031612, 0.231268942833129
889, -0.15271466435424066, -0.2924049343836543, 0.21889957354138195
890, -0.15271466435424066, -0.29895252186825355, 0.22471572402802903
891, -0.15271466435424066, -0.2962144254534803, 0.22156131015650876
892, -0.15271466435424066, -0.29911914642804205, 0.22363737129084904
893, -0.15271466435424066, -0.29827450649095505, 0.22355053473780503
894, -0.15271466435424066, -0.29221868152259334, 0.21700073854546073
895, -0.15271466435424066, -0.3032082797851627, 0.22883403459143714
896, -0.15271466435424066, -0.30662125765151177, 0.23226151181872398
897, -0.15271466435424066, -0.31006441082773945, 0.23475271302802808
898, -0.15271466435424066, -0.30166191989451946, 0.22883029026972662
899, -0.15271466435424066, -0.30791713224943923, 0.23415176345252403
900, -0.15271466435424066, -0.30765198198591925, 0.23373123412226487
901, -0.15271466435424066, -0.29719081758990157, 0.22296902915253153
902, -0.15271466435424066, -0.29391111473232995, 0.22150967940850283
903, -0.15271466435424066, -0.2933938218335506, 0.21830208960895797
904, -0.15271466435424066, -0.29553362830906693, 0.22134508793985164
905, -0.15271466435424066, -0.3046595825601323, 0.23008406297375045
906, -0.15271466435424066, -0.29846403863466586, 0.22555014711951285
907, -0.15271466435424066, -0.30295886684647055, 0.22818295882180864
908, -0.15271466435424066, -0.3087350101786429, 0.2324209802509683
909, -0.15271466435424066, -0.3000343743300923, 0.2239332283044278
910, -0.15271466435424066, -0.29879741752773675, 0.2242166524458735
911, -0.15271466435424066, -0.294302836009903, 0.22021615662898583
912, -0.15271466435424066, -0.3012602191332016, 0.2263673842762454
913, -0.15271466435424066, -0.3026066530163634, 0.2275216536578381
914, -0.15271466435424066, -0.29807492884409736, 0.22518247814666564
915, -0.15271466435424066, -0.3044198503193518, 0.23108112703737174
916, -0.15271466435424066, -0.29885820793177353, 0.22580777289455017
917, -0.15271466435424066, -0.29320175297966433, 0.2176834075005484
918, -0.15271466435424066, -0.29614921582290915, 0.22115161501121244
919, -0.15271466435424066, -0.2991120819219701, 0.222299507183473
920, -0.15271466435424066, -0.2999377884172605, 0.2269359053903916
921, -0.15271466435424066, -0.2950706923033898, 0.22018912032146776
922, -0.15271466435424066, -0.2962899622536213, 0.22403858483689051
923, -0.15271466435424066, -0.3075845573351482, 0.23479964531764366
924, -0.15271466435424066, -0.3063859824925969, 0.23136909051665158
925, -0.15271466435424066, -0.2988679626824865, 0.22496102080358468
926, -0.15271466435424066, -0.30114884790822277, 0.22633907826979185
927, -0.15271466435424066, -0.2983080677497346, 0.22515148051940825
928, -0.15271466435424066, -0.30690212001118083, 0.23258707413297147
929, -0.15271466435424066, -0.2991608496638649, 0.22607325007644447
930, -0.15271466435424066, -0.3000887922034464, 0.2268378755404598
931, -0.15271466435424066, -0.29642265245231897, 0.22349222871652547
932, -0.15271466435424066, -0.2944860775020739, 0.21947508603721444
933, -0.15271466435424066, -0.29285082669801726, 0.21968165375770285
934, -0.15271466435424066, -0.30530847080272916, 0.23261496116380798
935, -0.15271466435424066, -0.30212487157650475, 0.22539937074896282
936, -0.15271466435424066, -0.2880392548801817, 0.21210252726691547
937, -0.15271466435424066, -0.3001826274607978, 0.22645221260241236
938, -0.15271466435424066, -0.30013697637264647, 0.22465082246445736
939, -0.15271466435424066, -0.2987806363172881, 0.225342610850952
940, -0.15271466435424066, -0.3039883891686145, 0.22759448501068508
941, -0.15271466435424066, -0.2957455155473759, 0.21859389841639074
942, -0.15271466435424066, -0.29973773358699335, 0.22558092914414915
943, -0.15271466435424066, -0.3011170075003834, 0.2263311374528568
944, -0.15271466435424066, -0.3056473180140526, 0.22930804044413497
945, -0.15271466435424066, -0.3104988887352937, 0.2343468668310468
946, -0.15271466435424066, -0.30046511253457503, 0.2253650843767681
947, -0.15271466435424066, -0.29938078499647414, 0.22510099308435816
948, -0.15271466435424066, -0.30690041681799274, 0.23266952733339297
949, -0.15271466435424066, -0.2953400554288945, 0.22128271406201058
950, -0.15271466435424066, -0.29903608298999007, 0.22429800218400653
951, -0.15271466435424066, -0.2993795459624947, 0.22607649895607168
952, -0.15271466435424066, -0.29032158614566916, 0.21588160407171336
953, -0.15271466435424066, -0.29791022843484866, 0.22390651110013643
954, -0.15271466435424066, -0.3016243205337383, 0.22916213171799873
955, -0.15271466435424066, -0.2951627107346252, 0.22116140805742482
956, -0.15271466435424066, -0.3049444789153634, 0.23301158809991837
957, -0.15271466435424066, -0.30646454680663965, 0.2316125408056272
958, -0.15271466435424066, -0.2982031470499796, 0.223369998494728
959, -0.15271466435424066, -0.29597771512286897, 0.2215239938634731
960, -0.15271466435424066, -0.2873008536784679, 0.21162233136211353
961, -0.15271466435424066, -0.3016443646395794, 0.22694619656568304
962, -0.15271466435424066, -0.30355958328205096, 0.2288824024405958
963, -0.15271466435424066, -0.295575407661804, 0.2205489528219289
964, -0.15271466435424066, -0.29761912023099846, 0.2240399177693413
965, -0.15271466435424066, -0.2905303867556526, 0.21410819494053973
966, -0.15271466435424066, -0.29982986633331066, 0.22797817834817558
967, -0.15271466435424066, -0.291179060938024, 0.217497505229347
968, -0.15271466435424066, -0.2995203039482263, 0.22795225742890707
969, -0.15271466435424066, -0.2929416075604805, 0.2199226414663731
970, -0.15271466435424066, -0.2927392925099534, 0.22002445531211437
971, -0.15271466435424066, -0.2986574643702679, 0.2272490942412682
972, -0.15271466435424066, -0.2959469293334943, 0.22337593126544772
973, -0.15271466435424066, -0.3093678722879893, 0.23560664673067566
974, -0.15271466435424066, -0.29761447142934155, 0.22187735685725563
975, -0.15271466435424066, -0.3005059876468388, 0.2245869300281718
976, -0.15271466435424066, -0.3100972335645222, 0.23661814723042177
977, -0.15271466435424066, -0.3095390571081649, 0.2340574028020927
978, -0.15271466435424066, -0.3095494373274193, 0.2338371516346106
979, -0.15271466435424066, -0.30091918135144635, 0.22723225552129656
980, -0.15271466435424066, -0.3053728752515475, 0.2288492012915631
981, -0.15271466435424066, -0.2934346367590619, 0.21939449497412516
982, -0.15271466435424066, -0.30340911115152724, 0.2292025363735863
983, -0.15271466435424066, -0.3062080351882339, 0.23043757075749396
984, -0.15271466435424066, -0.298711754333093, 0.22443824843523694
985, -0.15271466435424066, -0.30013660053061014, 0.22706501911903945
986, -0.15271466435424066, -0.3060797464087446, 0.23397732249629452
987, -0.15271466435424066, -0.2949257380588368, 0.21995873350854106
988, -0.15271466435424066, -0.29490847230439, 0.2224567659482412
989, -0.15271466435424066, -0.29205411250242336, 0.21871027712780539
990, -0.15271466435424066, -0.29535167776791066, 0.22197876389835386
991, -0.15271466435424066, -0.30261115731097565, 0.22810824806895663
992, -0.15271466435424066, -0.300481654924194, 0.2274947995758345
993, -0.15271466435424066, -0.3090405082626622, 0.23439466047840124
994, -0.15271466435424066, -0.30428555171114785, 0.22892441493926524
995, -0.15271466435424066, -0.30743737348009964, 0.23005742288594383
996, -0.15271466435424066, -0.29848890755475127, 0.2237604049799757
997, -0.15271466435424066, -0.2980204820462473, 0.2247455512278478
998, -0.15271466435424066, -0.3021878803675287, 0.22800495991627676
999, -0.15271466435424066, -0.29510685252073393, 0.22080034265721554
1000, -0.15271466435424066, -0.3005451593303108, 0.22734100667815765
1001, -0.15271466435424066, -0.2917982797139814, 0.21765321374325824
1002, -0.15271466435424066, -0.29812871927157825, 0.22548945401438855
1003, -0.15271466435424066, -0.28502672308051574, 0.20900539265405324
1004, -0.15271466435424066, -0.29978268040194633, 0.22853740758820415
1005, -0.15271466435424066, -0.30322635454735203, 0.23080168097622863
1006, -0.15271466435424066, -0.2984070085038291, 0.2231376783480413
1007, -0.15271466435424066, -0.3042554243172311, 0.2323212924627472
1008, -0.15271466435424066, -0.29876634626622484, 0.22285705642093281
1009, -0.15271466435424066, -0.2958832174059454, 0.22157135451985568
1010, -0.15271466435424066, -0.296556735023764, 0.2211904745019042
1011, -0.15271466435424066, -0.2998735935869444, 0.22508333711267567
1012, -0.15271466435424066, -0.30069273546863723, 0.22685840645073294
1013, -0.15271466435424066, -0.30140480088284755, 0.22681555171324144
1014, -0.15271466435424066, -0.3003456362291386, 0.22458283183760563
1015, -0.15271466435424066, -0.3008766524814026, 0.22620424099469558
1016, -0.15271466435424066, -0.29704299172005894, 0.22499516589153862
1017, -0.15271466435424066, -0.30003227778308544, 0.2272841368838766
1018, -0.15271466435424066, -0.3014046696792568, 0.2268904514221268
1019, -0.15271466435424066, -0.3047337895348561, 0.2306047124632198
1020, -0.15271466435424066, -0.3033896673002433, 0.2292450150969889
1021, -0.15271466435424066, -0.3045502198788925, 0.22911428073292484
1022, -0.15271466435424066, -0.29714137764410936, 0.2210115675500851
1023, -0.15271466435424066, -0.299652766652622, 0.2249249773146525
1024, -0.15271466435424066, -0.2972917799558845, 0.2233294130195754
1025, -0.15271466435424066, -0.292324619341297, 0.21697625623528857
1026, -0.15271466435424066, -0.29517479749413933, 0.22137230795970217
1027, -0.15271466435424066, -0.2952329701554168, 0.2203572712046521
1028, -0.15271466435424066, -0.2879168531119973, 0.21265359045756863
1029, -0.15271466435424066, -0.3011112757356108, 0.22592257112827074
